{"assets/fonts/MiSans-Normal.ttf":["assets/fonts/MiSans-Normal.ttf"],"assets/images/app_logo.png":["assets/images/app_logo.png"],"assets/images/calendar.svg":["assets/images/calendar.svg"],"assets/images/note.svg":["assets/images/note.svg"],"assets/images/outline.svg":["assets/images/outline.svg"],"packages/cupertino_icons/assets/CupertinoIcons.ttf":["packages/cupertino_icons/assets/CupertinoIcons.ttf"],"packages/fluent_ui/assets/AcrylicNoise.png":["packages/fluent_ui/assets/AcrylicNoise.png"],"packages/fluent_ui/fonts/FluentIcons.ttf":["packages/fluent_ui/fonts/FluentIcons.ttf"],"packages/flutter_math_fork/lib/katex_fonts/fonts/KaTeX_AMS-Regular.ttf":["packages/flutter_math_fork/lib/katex_fonts/fonts/KaTeX_AMS-Regular.ttf"],"packages/flutter_math_fork/lib/katex_fonts/fonts/KaTeX_Caligraphic-Bold.ttf":["packages/flutter_math_fork/lib/katex_fonts/fonts/KaTeX_Caligraphic-Bold.ttf"],"packages/flutter_math_fork/lib/katex_fonts/fonts/KaTeX_Caligraphic-Regular.ttf":["packages/flutter_math_fork/lib/katex_fonts/fonts/KaTeX_Caligraphic-Regular.ttf"],"packages/flutter_math_fork/lib/katex_fonts/fonts/KaTeX_Fraktur-Bold.ttf":["packages/flutter_math_fork/lib/katex_fonts/fonts/KaTeX_Fraktur-Bold.ttf"],"packages/flutter_math_fork/lib/katex_fonts/fonts/KaTeX_Fraktur-Regular.ttf":["packages/flutter_math_fork/lib/katex_fonts/fonts/KaTeX_Fraktur-Regular.ttf"],"packages/flutter_math_fork/lib/katex_fonts/fonts/KaTeX_Main-Bold.ttf":["packages/flutter_math_fork/lib/katex_fonts/fonts/KaTeX_Main-Bold.ttf"],"packages/flutter_math_fork/lib/katex_fonts/fonts/KaTeX_Main-BoldItalic.ttf":["packages/flutter_math_fork/lib/katex_fonts/fonts/KaTeX_Main-BoldItalic.ttf"],"packages/flutter_math_fork/lib/katex_fonts/fonts/KaTeX_Main-Italic.ttf":["packages/flutter_math_fork/lib/katex_fonts/fonts/KaTeX_Main-Italic.ttf"],"packages/flutter_math_fork/lib/katex_fonts/fonts/KaTeX_Main-Regular.ttf":["packages/flutter_math_fork/lib/katex_fonts/fonts/KaTeX_Main-Regular.ttf"],"packages/flutter_math_fork/lib/katex_fonts/fonts/KaTeX_Math-BoldItalic.ttf":["packages/flutter_math_fork/lib/katex_fonts/fonts/KaTeX_Math-BoldItalic.ttf"],"packages/flutter_math_fork/lib/katex_fonts/fonts/KaTeX_Math-Italic.ttf":["packages/flutter_math_fork/lib/katex_fonts/fonts/KaTeX_Math-Italic.ttf"],"packages/flutter_math_fork/lib/katex_fonts/fonts/KaTeX_SansSerif-Bold.ttf":["packages/flutter_math_fork/lib/katex_fonts/fonts/KaTeX_SansSerif-Bold.ttf"],"packages/flutter_math_fork/lib/katex_fonts/fonts/KaTeX_SansSerif-Italic.ttf":["packages/flutter_math_fork/lib/katex_fonts/fonts/KaTeX_SansSerif-Italic.ttf"],"packages/flutter_math_fork/lib/katex_fonts/fonts/KaTeX_SansSerif-Regular.ttf":["packages/flutter_math_fork/lib/katex_fonts/fonts/KaTeX_SansSerif-Regular.ttf"],"packages/flutter_math_fork/lib/katex_fonts/fonts/KaTeX_Script-Regular.ttf":["packages/flutter_math_fork/lib/katex_fonts/fonts/KaTeX_Script-Regular.ttf"],"packages/flutter_math_fork/lib/katex_fonts/fonts/KaTeX_Size1-Regular.ttf":["packages/flutter_math_fork/lib/katex_fonts/fonts/KaTeX_Size1-Regular.ttf"],"packages/flutter_math_fork/lib/katex_fonts/fonts/KaTeX_Size2-Regular.ttf":["packages/flutter_math_fork/lib/katex_fonts/fonts/KaTeX_Size2-Regular.ttf"],"packages/flutter_math_fork/lib/katex_fonts/fonts/KaTeX_Size3-Regular.ttf":["packages/flutter_math_fork/lib/katex_fonts/fonts/KaTeX_Size3-Regular.ttf"],"packages/flutter_math_fork/lib/katex_fonts/fonts/KaTeX_Size4-Regular.ttf":["packages/flutter_math_fork/lib/katex_fonts/fonts/KaTeX_Size4-Regular.ttf"],"packages/flutter_math_fork/lib/katex_fonts/fonts/KaTeX_Typewriter-Regular.ttf":["packages/flutter_math_fork/lib/katex_fonts/fonts/KaTeX_Typewriter-Regular.ttf"],"packages/fluttertoast/assets/toastify.css":["packages/fluttertoast/assets/toastify.css"],"packages/fluttertoast/assets/toastify.js":["packages/fluttertoast/assets/toastify.js"],"packages/wakelock_web/assets/no_sleep.js":["packages/wakelock_web/assets/no_sleep.js"],"packages/window_manager/images/ic_chrome_close.png":["packages/window_manager/images/ic_chrome_close.png"],"packages/window_manager/images/ic_chrome_maximize.png":["packages/window_manager/images/ic_chrome_maximize.png"],"packages/window_manager/images/ic_chrome_minimize.png":["packages/window_manager/images/ic_chrome_minimize.png"],"packages/window_manager/images/ic_chrome_unmaximize.png":["packages/window_manager/images/ic_chrome_unmaximize.png"]}